{
  "accuracy": 0.7824427480916031,
  "f1_score": 0.7822308252950011
}