{
  "accuracy": 0.7900763358778626,
  "f1_score": 0.7879672966599947
}