feature,importance
fare,0.2832271102720094
age,0.2799834444674256
sex,0.2350917006229866
pclass,0.07528523464027122
sibsp,0.04784987652943648
parch,0.04131525496592144
embarked,0.037247378501949195
