feature,importance
sex,0.4803600935030386
fare,0.17764348078353198
pclass,0.14072786577314308
age,0.1132487954504202
sibsp,0.057696420430836136
embarked,0.025469298190938974
parch,0.00485404586809106
