{
  "accuracy": 0.816793893129771,
  "f1_score": 0.8136932489592881
}